Newick_label ,Isolate,Isolation Source,Isolation type,Host,SNP cluster,K-mer group,Collected by,Collection Date,SRA Center
SRR9962788,PDT000563576.1,animal-cattle-beef cow,environmental,,,PDG000000004.1998,USDA-FSIS,2019,USDA-FSIS
SRR9973070,PDT000564917.2,comminuted beef,environmental,,,PDG000000004.1998,USDA-FSIS,2019,USDA-FSIS
SRR9984555,PDT000565867.1,Ground Beef,environmental,,,PDG000000004.1998,FDA,2018,FDA-CVM
SRR9984558,PDT000565869.1,Pork Chop,environmental,,,PDG000000004.1998,FDA,2018,FDA-CVM
SRR9984573,PDT000565882.1,Pork Chop,environmental,,,PDG000000004.1998,FDA,2018,FDA-CVM
SRR9984644,PDT000565945.1,Ground Beef,environmental,,,PDG000000004.1998,FDA,2018,FDA-CVM
SRR9984645,PDT000565946.1,Ground Beef,environmental,,,PDG000000004.1998,FDA,2018,FDA-CVM
SRR9984660,PDT000565960.1,Chicken Thighs,environmental,,,PDG000000004.1998,FDA,2018,FDA-CVM
SRR9984692,PDT000565989.1,Pork Chop,environmental,,,PDG000000004.1998,FDA,2018,FDA-CVM
SRR9984712,PDT000566009.1,ground turkey,environmental,,,PDG000000004.1998,FDA,2018,FDA-CVM
SRR9984713,PDT000566010.1,Chicken Thighs,environmental,,,PDG000000004.1998,FDA,2018,FDA-CVM
SRR9984717,PDT000566014.1,Pork Chop,environmental,,,PDG000000004.1998,FDA,2018,FDA-CVM
SRR9984751,PDT000566047.1,Pork Chop (bone-in),environmental,,,PDG000000004.1998,FDA,2018,FDA-CVM
SRR9984752,PDT000566048.1,Pork Chop,environmental,,,PDG000000004.1998,FDA,2018,FDA-CVM
SRR9984757,PDT000566053.1,Ground Beef,environmental,,,PDG000000004.1998,FDA,2018,FDA-CVM
SRR9984765,PDT000566060.1,ground turkey,environmental,,,PDG000000004.1998,FDA,2018,FDA-CVM
SRR9984766,PDT000566061.1,ground turkey,environmental,,,PDG000000004.1998,FDA,2018,FDA-CVM
SRR9984806,PDT000566100.1,Ground Beef,environmental,,,PDG000000004.1998,FDA,2018,FDA-CVM
SRR9984807,PDT000566101.1,Pork Chop,environmental,,,PDG000000004.1998,FDA,2018,FDA-CVM
SRR9984834,PDT000566126.1,Chicken Thighs,environmental,,,PDG000000004.1998,FDA,2018,FDA-CVM
SRR9984836,PDT000566128.1,Ground Beef,environmental,,,PDG000000004.1998,FDA,2018,FDA-CVM
SRR9984867,PDT000566158.1,Ground Beef,environmental,,,PDG000000004.1998,FDA,2018,FDA-CVM
SRR9984868,PDT000566159.1,ground turkey,environmental,,,PDG000000004.1998,FDA,2018,FDA-CVM
SRR9984916,PDT000566205.1,ground turkey,environmental,,,PDG000000004.1998,FDA,2018,FDA-CVM
SRR9984921,PDT000566210.1,Pork Chop,environmental,,,PDG000000004.1998,FDA,2018,FDA-CVM
SRR9984922,PDT000566211.1,Ground Beef (patties),environmental,,,PDG000000004.1998,FDA,2018,FDA-CVM
SRR9984553,PDT000566689.1,ground turkey,environmental,,,PDG000000004.1998,FDA,2018,FDA-CVM
SRR9984923,PDT000566713.1,ground turkey,environmental,,,PDG000000004.1998,FDA,2018,FDA-CVM
SRR8095324,PDT000394840.1,Ground Beef,environmental,,,PDG000000004.1998,FDA,2017,FDA-CVM
SRR8095325,PDT000394841.1,ground turkey,environmental,,,PDG000000004.1998,FDA,2017,FDA-CVM
SRR8095332,PDT000394848.1,Ground Beef,environmental,,,PDG000000004.1998,FDA,2017,FDA-CVM
SRR8095373,PDT000394889.1,Chicken Breasts,environmental,,,PDG000000004.1998,FDA,2017,FDA-CVM
SRR8095374,PDT000394890.1,Pork Chops,environmental,,,PDG000000004.1998,FDA,2017,FDA-CVM
SRR8095375,PDT000394891.1,Pork Chops,environmental,,,PDG000000004.1998,FDA,2017,FDA-CVM
SRR8095376,PDT000394892.1,Pork Chops,environmental,,,PDG000000004.1998,FDA,2017,FDA-CVM
SRR8095377,PDT000394893.1,Pork Chops,environmental,,,PDG000000004.1998,FDA,2017,FDA-CVM
SRR8095378,PDT000394894.1,Ground Beef,environmental,,,PDG000000004.1998,FDA,2017,FDA-CVM
SRR8095379,PDT000394895.1,Ground Beef,environmental,,,PDG000000004.1998,FDA,2017,FDA-CVM
SRR8095389,PDT000394905.1,Pork Chops bone-in,environmental,,,PDG000000004.1998,FDA,2017,FDA-CVM
SRR8095391,PDT000394907.1,Chicken Thighs,environmental,,,PDG000000004.1998,FDA,2017,FDA-CVM
SRR8095395,PDT000394911.1,Chicken Breasts,environmental,,,PDG000000004.1998,FDA,2017,FDA-CVM
SRR8095396,PDT000394912.1,ground turkey,environmental,,,PDG000000004.1998,FDA,2017,FDA-CVM
SRR8095397,PDT000394913.1,ground turkey,environmental,,,PDG000000004.1998,FDA,2017,FDA-CVM
SRR8095406,PDT000394922.1,ground turkey,environmental,,,PDG000000004.1998,FDA,2017,FDA-CVM
SRR8095562,PDT000395078.1,ground turkey,environmental,,,PDG000000004.1998,FDA,2017,FDA-CVM
SRR8095564,PDT000395080.1,ground turkey,environmental,,,PDG000000004.1998,FDA,2017,FDA-CVM
SRR8095566,PDT000395082.1,Pork Chops,environmental,,,PDG000000004.1998,FDA,2017,FDA-CVM
SRR8095567,PDT000395083.1,Ground Beef,environmental,,,PDG000000004.1998,FDA,2017,FDA-CVM
SRR8095568,PDT000395084.1,Ground Beef,environmental,,,PDG000000004.1998,FDA,2017,FDA-CVM
SRR8095571,PDT000395087.1,Chicken Thighs,environmental,,,PDG000000004.1998,FDA,2017,FDA-CVM
SRR8095572,PDT000395088.1,ground turkey,environmental,,,PDG000000004.1998,FDA,2017,FDA-CVM
SRR8095658,PDT000395174.1,Pork Chops,environmental,,,PDG000000004.1998,FDA,2017,FDA-CVM
SRR8095659,PDT000395175.1,Pork Chops,environmental,,,PDG000000004.1998,FDA,2017,FDA-CVM
SRR8095662,PDT000395178.1,Ground Beef,environmental,,,PDG000000004.1998,FDA,2017,FDA-CVM
SRR8095665,PDT000395181.1,Pork Chops bone-in,environmental,,,PDG000000004.1998,FDA,2017,FDA-CVM
SRR8095744,PDT000395260.1,ground turkey,environmental,,,PDG000000004.1998,FDA,2017,FDA-CVM
SRR8095745,PDT000395261.1,ground turkey,environmental,,,PDG000000004.1998,FDA,2017,FDA-CVM
SRR8095748,PDT000395264.1,Pork Chops,environmental,,,PDG000000004.1998,FDA,2017,FDA-CVM
SRR8095750,PDT000395266.1,Ground Beef,environmental,,,PDG000000004.1998,FDA,2017,FDA-CVM
SRR8095751,PDT000395267.1,Ground Beef,environmental,,,PDG000000004.1998,FDA,2017,FDA-CVM
SRR8095773,PDT000395289.1,Chicken Breasts,environmental,,,PDG000000004.1998,FDA,2017,FDA-CVM
SRR8095774,PDT000395290.1,Chicken Thighs,environmental,,,PDG000000004.1998,FDA,2017,FDA-CVM
SRR8095775,PDT000395291.1,Chicken Thighs,environmental,,,PDG000000004.1998,FDA,2017,FDA-CVM
SRR8095776,PDT000395292.1,Chicken Breasts,environmental,,,PDG000000004.1998,FDA,2017,FDA-CVM
SRR8095777,PDT000395293.1,ground turkey,environmental,,,PDG000000004.1998,FDA,2017,FDA-CVM
SRR8095856,PDT000395372.1,ground turkey,environmental,,,PDG000000004.1998,FDA,2017,FDA-CVM
SRR8095858,PDT000395374.1,ground turkey,environmental,,,PDG000000004.1998,FDA,2017,FDA-CVM
SRR8095905,PDT000395421.1,Ground Beef,environmental,,,PDG000000004.1998,FDA,2017,FDA-CVM
SRR8095906,PDT000395422.1,Ground Beef,environmental,,,PDG000000004.1998,FDA,2017,FDA-CVM
SRR8095908,PDT000395424.1,Chicken Wings,environmental,,,PDG000000004.1998,FDA,2017,FDA-CVM
SRR8095937,PDT000395453.1,Ground Beef,environmental,,,PDG000000004.1998,FDA,2017,FDA-CVM
SRR8095939,PDT000395455.1,ground turkey,environmental,,,PDG000000004.1998,FDA,2017,FDA-CVM
SRR8095940,PDT000395456.1,ground turkey,environmental,,,PDG000000004.1998,FDA,2017,FDA-CVM
SRR8095565,PDT000395081.1,Ground Beef,environmental,,PDS000000842.17,PDG000000004.1998,FDA,2017,FDA-CVM
SRR8439823,PDT000439512.2,"Pig, (Porcine)",environmental,,PDS000043422.14,PDG000000004.1998,ECRC,2003,CFSAN
SRR8643742,PDT000469972.2,"Pig, (Porcine)",environmental,,PDS000043422.14,PDG000000004.1998,ECRC,2003,CFSAN
SRR8643844,PDT000469999.2,"Pig, (Porcine)",environmental,,PDS000043422.14,PDG000000004.1998,ECRC,2003,CFSAN
SRR10586170,PDT000640009.2,"Pig, (Porcine)",environmental,,PDS000043422.14,PDG000000004.1998,ECRC,2002,CFSAN
SRR10484338,PDT000630272.2,"Pig, (Porcine)",environmental,,PDS000046273.15,PDG000000004.1998,ECRC,2002,PULSENET
SRR10541885,PDT000637337.2,"Pig, (Porcine)",environmental,,PDS000046273.15,PDG000000004.1998,ECRC,2002,CFSAN
SRR10586185,PDT000640016.2,"Pig, (Porcine)",environmental,,PDS000046273.15,PDG000000004.1998,ECRC,2002,CFSAN
SRR10586188,PDT000640018.2,"Pig, (Porcine)",environmental,,PDS000046273.15,PDG000000004.1998,ECRC,2002,CFSAN
SRR10586226,PDT000640046.2,"Pig, (Porcine)",environmental,,PDS000046273.15,PDG000000004.1998,ECRC,2003,CFSAN
SRR10687933,PDT000645078.1,ground turkey,environmental,,PDS000037878.18,PDG000000004.1998,FDA,2019,FDA-CVM
SRR8110793,PDT000396525.2,product-raw-intact-beef,environmental,,PDS000035064.26,PDG000000004.1998,USDA-FSIS,2018,USDA-FSIS
SRR7940168,PDT000386727.1,Animal-Turkey-Young Turkey,environmental,,PDS000038242.14,PDG000000004.1998,USDA-FSIS,2018,USDA-FSIS
SRR10140404,PDT000588814.1,ground turkey,environmental,,,PDG000000004.1998,South Dakota ADRDL,2019-07,CFSAN
SRR10165141,PDT000591956.1,ground turkey,environmental,,,PDG000000004.1998,South Dakota ADRDL,2019-07,CFSAN
SRR10165153,PDT000591968.1,Pork Chop,environmental,,,PDG000000004.1998,South Dakota ADRDL,2019-07,CFSAN
SRR10165347,PDT000592041.1,Ground Beef,environmental,,,PDG000000004.1998,South Dakota ADRDL,2019-07,CFSAN
SRR10166150,PDT000592077.1,Ground Beef,environmental,,,PDG000000004.1998,South Dakota ADRDL,2019-07,CFSAN
SRR10166208,PDT000592114.1,Ground Beef,environmental,,,PDG000000004.1998,South Dakota ADRDL,2019-07,CFSAN
SRR10232997,PDT000600986.1,animal-swine-market swine,environmental,,,PDG000000004.1998,USDA-FSIS,2019,USDA-FSIS
SRR10233003,PDT000600992.1,animal-cattle-heifer,environmental,,,PDG000000004.1998,USDA-FSIS,2019,USDA-FSIS
SRR10298232,PDT000610085.1,Pork Chop,environmental,,,PDG000000004.1998,South Dakota ADRDL,2019-08,CFSAN
SRR10298272,PDT000610090.1,ground turkey,environmental,,,PDG000000004.1998,South Dakota ADRDL,2019-08,CFSAN
SRR10343274,PDT000617813.1,animal-cattle-heifer,environmental,,,PDG000000004.1998,USDA-FSIS,2019,USDA-FSIS
SRR10423354,PDT000626563.1,animal-cattle-steer,environmental,,,PDG000000004.1998,USDA-FSIS,2019,USDA-FSIS
SRR10501738,PDT000631553.1,chicken breast,environmental,,,PDG000000004.1998,South Dakota ADRDL,2019-09,CFSAN
SRR10502042,PDT000631556.1,Ground Beef,environmental,,,PDG000000004.1998,South Dakota ADRDL,2019-09,CFSAN
SRR10502043,PDT000631557.1,ground turkey,environmental,,,PDG000000004.1998,South Dakota ADRDL,2019-09,CFSAN
SRR10502047,PDT000631560.1,ground turkey,environmental,,,PDG000000004.1998,South Dakota ADRDL,2019-09,CFSAN
SRR10502058,PDT000631566.1,Pork Chop,environmental,,,PDG000000004.1998,South Dakota ADRDL,2019-09,CFSAN
SRR10502073,PDT000631571.1,Pork Chop,environmental,,,PDG000000004.1998,South Dakota ADRDL,2019-09,CFSAN
SRR10502075,PDT000631573.1,Ground Beef,environmental,,,PDG000000004.1998,South Dakota ADRDL,2019-09,CFSAN
SRR10502089,PDT000631584.1,ground turkey,environmental,,,PDG000000004.1998,South Dakota ADRDL,2019-09,CFSAN
SRR10503806,PDT000632007.1,animal-cattle-steer,environmental,,,PDG000000004.1998,USDA-FSIS,2019,USDA-FSIS
SRR10579912,PDT000639514.1,Pork Chop,environmental,,,PDG000000004.1998,FDA,2019,FDA-CVM
SRR10579913,PDT000639515.1,Ground Beef,environmental,,,PDG000000004.1998,FDA,2019,FDA-CVM
SRR10579915,PDT000639517.1,ground turkey,environmental,,,PDG000000004.1998,FDA,2019,FDA-CVM
SRR10579917,PDT000639519.1,ground turkey,environmental,,,PDG000000004.1998,FDA,2019,FDA-CVM
SRR10579919,PDT000639521.1,Chicken Thighs,environmental,,,PDG000000004.1998,FDA,2019,FDA-CVM
SRR10579921,PDT000639523.1,Chicken Legs,environmental,,,PDG000000004.1998,FDA,2019,FDA-CVM
SRR10579942,PDT000639543.1,Pork Chop,environmental,,,PDG000000004.1998,FDA,2019,FDA-CVM
SRR10579958,PDT000639557.1,Pork Chop,environmental,,,PDG000000004.1998,FDA,2019,FDA-CVM
SRR10579959,PDT000639558.1,Pork Chop,environmental,,,PDG000000004.1998,FDA,2019,FDA-CVM
SRR10579960,PDT000639559.1,Ground Beef,environmental,,,PDG000000004.1998,FDA,2019,FDA-CVM
SRR10579963,PDT000639562.1,ground turkey,environmental,,,PDG000000004.1998,FDA,2019,FDA-CVM
SRR10579964,PDT000639563.1,Pork Chop,environmental,,,PDG000000004.1998,FDA,2019,FDA-CVM
SRR10579965,PDT000639564.1,Chicken Thighs,environmental,,,PDG000000004.1998,FDA,2019,FDA-CVM
SRR10579986,PDT000639585.1,Ground Beef,environmental,,,PDG000000004.1998,FDA,2019,FDA-CVM
SRR10586165,PDT000640006.1,"Pig, (Porcine)",environmental,,,PDG000000004.1998,ECRC,2002,CFSAN
SRR10579957,PDT000640129.1,Pork Chop,environmental,,,PDG000000004.1998,FDA,2019,FDA-CVM
SRR10615278,PDT000642685.1,animal-cattle-heifer,environmental,,,PDG000000004.1998,USDA-FSIS,2019,USDA-FSIS
SRR10687705,PDT000644850.1,Pork Chop,environmental,,,PDG000000004.1998,FDA,2019,FDA-CVM
SRR10687706,PDT000644851.1,Pork Chop,environmental,,,PDG000000004.1998,FDA,2019,FDA-CVM
SRR10687794,PDT000644939.1,Pork Chop,environmental,,,PDG000000004.1998,FDA,2019,FDA-CVM
SRR10687880,PDT000645025.1,Pork Chop,environmental,,,PDG000000004.1998,FDA,2019,FDA-CVM
SRR10687881,PDT000645026.1,Ground Beef,environmental,,,PDG000000004.1998,FDA,2019,FDA-CVM
SRR10687883,PDT000645028.1,ground turkey,environmental,,,PDG000000004.1998,FDA,2019,FDA-CVM
SRR10687886,PDT000645031.1,Chicken Thighs,environmental,,,PDG000000004.1998,FDA,2019,FDA-CVM
SRR10687887,PDT000645032.1,Chicken Thighs,environmental,,,PDG000000004.1998,FDA,2019,FDA-CVM
SRR10687923,PDT000645068.1,Pork Chop,environmental,,,PDG000000004.1998,FDA,2019,FDA-CVM
SRR10687924,PDT000645069.1,Pork Chop,environmental,,,PDG000000004.1998,FDA,2019,FDA-CVM
SRR10687925,PDT000645070.1,Ground Beef,environmental,,,PDG000000004.1998,FDA,2019,FDA-CVM
SRR10687926,PDT000645071.1,Ground Beef,environmental,,,PDG000000004.1998,FDA,2019,FDA-CVM
SRR10687927,PDT000645072.1,Ground Beef,environmental,,,PDG000000004.1998,FDA,2019,FDA-CVM
SRR10687928,PDT000645073.1,Ground Beef,environmental,,,PDG000000004.1998,FDA,2019,FDA-CVM
SRR10687930,PDT000645075.1,ground turkey,environmental,,,PDG000000004.1998,FDA,2019,FDA-CVM
SRR10687931,PDT000645076.1,ground turkey,environmental,,,PDG000000004.1998,FDA,2019,FDA-CVM
SRR10687941,PDT000645086.1,ground turkey,environmental,,,PDG000000004.1998,FDA,2019,FDA-CVM
SRR10687956,PDT000645101.1,Ground Beef,environmental,,,PDG000000004.1998,FDA,2019,FDA-CVM
SRR10687957,PDT000645102.1,Ground Beef,environmental,,,PDG000000004.1998,FDA,2019,FDA-CVM
SRR10687958,PDT000645103.1,Ground Beef,environmental,,,PDG000000004.1998,FDA,2019,FDA-CVM
SRR10687960,PDT000645105.1,ground turkey,environmental,,,PDG000000004.1998,FDA,2019,FDA-CVM
SRR10687961,PDT000645106.1,ground turkey,environmental,,,PDG000000004.1998,FDA,2019,FDA-CVM
SRR10810350,PDT000651994.1,Ground Beef,environmental,,,PDG000000004.1998,South Dakota ADRDL,2019-11,CFSAN
SRR10810352,PDT000651996.1,Ground Beef,environmental,,,PDG000000004.1998,South Dakota ADRDL,2019-11,CFSAN
SRR10814958,PDT000652756.1,ground turkey,environmental,,,PDG000000004.1998,South Dakota ADRDL,2019-11,CFSAN
SRR10822778,PDT000654201.1,ground turkey,environmental,,,PDG000000004.1998,South Dakota ADRDL,2019-11,CFSAN
SRR10823746,PDT000654230.1,Pork Chop,environmental,,,PDG000000004.1998,South Dakota ADRDL,2019-11,CFSAN
SRR10823780,PDT000654248.1,Pork Chop,environmental,,,PDG000000004.1998,South Dakota ADRDL,2019-11,CFSAN
SRR10823786,PDT000654250.1,Pork Chop,environmental,,,PDG000000004.1998,South Dakota ADRDL,2019-11,CFSAN
SRR10827528,PDT000654617.1,Ground Beef,environmental,,,PDG000000004.1998,South Dakota ADRDL,2019-11,CFSAN
SRR10827530,PDT000654619.1,Ground Beef,environmental,,,PDG000000004.1998,South Dakota ADRDL,2019-11,CFSAN
SRR10827541,PDT000654628.1,Pork Chop,environmental,,,PDG000000004.1998,South Dakota ADRDL,2019-11,CFSAN
SRR10854821,PDT000656716.1,ground turkey,environmental,,,PDG000000004.1998,South Dakota ADRDL,2019-11,CFSAN
SRR11101274,PDT000687484.1,urine (Canis lupus familiaris),environmental,,,PDG000000004.1998,MN,43629,CFSAN
SRR11215231,PDT000702614.1,"Pig, (Porcine)",environmental,,,PDG000000004.1998,ECRC,1988,PULSENET
SRR11215245,PDT000702628.1,"Pig, (Porcine)",environmental,,,PDG000000004.1998,ECRC,1988,PULSENET
SRR11449225,PDT000717056.1,ground turkey,environmental,,,PDG000000004.1998,South Dakota ADRDL,2020-01,CFSAN
SRR11449226,PDT000717057.1,Ground Beef,environmental,,,PDG000000004.1998,South Dakota ADRDL,2020-01,CFSAN
SRR11449320,PDT000717102.1,Ground Beef,environmental,,,PDG000000004.1998,South Dakota ADRDL,2020-01,CFSAN
SRR11449324,PDT000717106.1,Pork Chop,environmental,,,PDG000000004.1998,South Dakota ADRDL,2020-01,CFSAN
SRR11450256,PDT000717187.1,chicken breast,environmental,,,PDG000000004.1998,South Dakota ADRDL,2020-01,CFSAN
SRR11450265,PDT000717191.1,ground turkey,environmental,,,PDG000000004.1998,South Dakota ADRDL,2020-01,CFSAN
SRR11550434,PDT000722595.1,pig,environmental,,,PDG000000004.1998,ECRC,1988,PULSENET
SRR11634432,PDT000728876.1,pig,environmental,,,PDG000000004.1998,ECRC,1987,PULSENET
SRR11634437,PDT000728877.1,pig,environmental,,,PDG000000004.1998,ECRC,1987,PULSENET
,PDT000729494.1,,environmental,porcine,,PDG000000004.1998,,2014-12,
,PDT000729502.1,intestine,environmental,porcine,,PDG000000004.1998,,2018-07,
,PDT000729572.1,intestine,environmental,porcine,,PDG000000004.1998,,2016-11,
SRR8236506,PDT000409840.1,animal-swine-market swine,environmental,,,PDG000000004.1998,USDA-FSIS,2018,USDA-FSIS
SRR8256245,PDT000412042.1,animal-swine-market swine,environmental,,,PDG000000004.1998,USDA-FSIS,2018,USDA-FSIS
SRR8313125,PDT000417511.1,animal-cattle-beef cow,environmental,,,PDG000000004.1998,USDA-FSIS,2018,USDA-FSIS
SRR8321729,PDT000417981.1,animal-cattle-beef cow,environmental,,,PDG000000004.1998,USDA-FSIS,2018,USDA-FSIS
SRR8381441,PDT000428367.1,animal-cattle-dairy cow,environmental,,,PDG000000004.1998,USDA-FSIS,2018,USDA-FSIS
SRR8436127,PDT000435582.2,animal-swine-market swine,environmental,,,PDG000000004.1998,USDA-FSIS,2018,USDA-FSIS
SRR8502553,PDT000455216.1,animal-cattle-beef cow,environmental,,,PDG000000004.1998,USDA-FSIS,2019,USDA-FSIS
SRR8590649,PDT000466961.1,"Pig, (Porcine)",environmental,,,PDG000000004.1998,ECRC,1982,CFSAN
SRR8590650,PDT000466962.1,"Pig, (Porcine)",environmental,,,PDG000000004.1998,ECRC,1982,CFSAN
SRR8590658,PDT000466968.1,"Pig, (Porcine)",environmental,,,PDG000000004.1998,ECRC,1982,CFSAN
SRR8590732,PDT000466970.1,"Pig, (Porcine)",environmental,,,PDG000000004.1998,ECRC,1982,CFSAN
SRR8590740,PDT000466976.1,"Pig, (Porcine)",environmental,,,PDG000000004.1998,ECRC,1982,CFSAN
SRR8590743,PDT000466979.1,"Pig, (Porcine)",environmental,,,PDG000000004.1998,ECRC,1982,CFSAN
SRR8590843,PDT000466988.1,"Pig, (Porcine)",environmental,,,PDG000000004.1998,ECRC,1982,CFSAN
SRR8590855,PDT000466997.1,"Pig, (Porcine)",environmental,,,PDG000000004.1998,ECRC,1982,CFSAN
SRR8590857,PDT000466999.1,"Pig, (Porcine)",environmental,,,PDG000000004.1998,ECRC,1982,CFSAN
SRR8590864,PDT000467005.1,"Pig, (Porcine)",environmental,,,PDG000000004.1998,ECRC,1982,CFSAN
SRR8590866,PDT000467007.1,"Pig, (Porcine)",environmental,,,PDG000000004.1998,ECRC,1982,CFSAN
SRR8590867,PDT000467008.1,"Pig, (Porcine)",environmental,,,PDG000000004.1998,ECRC,1982,CFSAN
SRR8590869,PDT000467009.1,"Pig, (Porcine)",environmental,,,PDG000000004.1998,ECRC,1982,CFSAN
SRR8590873,PDT000467012.1,"Pig, (Porcine)",environmental,,,PDG000000004.1998,ECRC,1982,CFSAN
SRR8590880,PDT000467018.1,"Pig, (Porcine)",environmental,,,PDG000000004.1998,ECRC,1982,CFSAN
SRR8590883,PDT000467021.1,"Pig, (Porcine)",environmental,,,PDG000000004.1998,ECRC,1982,CFSAN
SRR8649952,PDT000471034.1,animal-swine-market swine,environmental,,,PDG000000004.1998,USDA-FSIS,2019,USDA-FSIS
SRR8728090,PDT000477473.1,Canine Testicle Swab (Canis lupis familiaris),environmental,,,PDG000000004.1998,ISUVDL,43342,CFSAN
SRR8838540,PDT000485420.1,animal-cattle-beef cow,environmental,,,PDG000000004.1998,USDA-FSIS,2019,USDA-FSIS
SRR8902467,PDT000490607.1,Animal-Turkey-Young Turkey,environmental,,,PDG000000004.1998,USDA-FSIS,2019,USDA-FSIS
SRR9048654,PDT000500477.1,animal-swine-market swine,environmental,,,PDG000000004.1998,USDA-FSIS,2019,USDA-FSIS
SRR9049546,PDT000500534.1,animal-cattle-beef cow,environmental,,,PDG000000004.1998,USDA-FSIS,2019,USDA-FSIS
SRR9160180,PDT000510056.1,"Pig, (Porcine)",environmental,,,PDG000000004.1998,ECRC,1982,CFSAN
SRR9265274,PDT000519815.1,Animal-Turkey-Young Turkey,environmental,,,PDG000000004.1998,USDA-FSIS,2019,USDA-FSIS
SRR9824445,PDT000548130.1,Animal-Turkey-Young Turkey,environmental,,,PDG000000004.1998,USDA-FSIS,2019,USDA-FSIS
SRR9829624,PDT000548966.1,Animal-Turkey-Young Turkey,environmental,,,PDG000000004.1998,USDA-FSIS,2019,USDA-FSIS
SRR9852784,PDT000550343.1,ground turkey,environmental,,,PDG000000004.1998,FDA,2018,FDA-CVM
SRR9852812,PDT000550371.1,Pork Chop,environmental,,,PDG000000004.1998,FDA,2018,FDA-CVM
SRR9875317,PDT000551910.1,animal-swine-market swine,environmental,,,PDG000000004.1998,USDA-FSIS,2019,USDA-FSIS
,PDT000251371.1,feces,environmental,Bos taurus,,PDG000000004.1998,Michigan State University,1989,
,PDT000251745.1,ileum,clinical,Sus scrofa scrofa,,PDG000000004.1998,Penn State E. coli Reference Center,30186,
,PDT000252501.1,urine,environmental,Bos taurus,,PDG000000004.1998,Penn State E. coli Reference Center,41214,
,PDT000252511.1,Meat Trim,environmental,Bos taurus,,PDG000000004.1998,Penn State E. coli Reference Center,41031,
,PDT000252639.1,Intestine-Large,environmental,Sus scrofa,,PDG000000004.1998,Penn State E. coli Reference Center,41193,
SRR6292461,PDT000264632.2,animal-cattle-dairy cow,environmental,,,PDG000000004.1998,USDA-FSIS,2017,USDA-FSIS
SRR6412368,PDT000274081.2,Animal-Turkey-Young Turkey,environmental,,,PDG000000004.1998,USDA-FSIS,2017,USDA-FSIS
SRR7135459,PDT000312647.2,pig,environmental,,,PDG000000004.1998,ECRC,1982,CFSAN
SRR7154666,PDT000313333.2,animal-swine-market swine,environmental,,,PDG000000004.1998,USDA-FSIS,2018,USDA-FSIS
SRR7439661,PDT000337224.1,animal-cattle-dairy cow,environmental,,,PDG000000004.1998,USDA-FSIS,2018,USDA-FSIS
SRR7468656,PDT000340987.1,animal-cattle-beef cow,environmental,,,PDG000000004.1998,USDA-FSIS,2018,USDA-FSIS
SRR7896467,PDT000384286.1,animal-cattle-beef cow,environmental,,,PDG000000004.1998,USDA-FSIS,2018,USDA-FSIS
SRR5956533,PDT000235609.2,animal-cattle-dairy cow,environmental,,,PDG000000004.1998,USDA-FSIS,2017,USDA-FSIS
SRR6121990,PDT000246527.2,animal-cattle-dairy cow,environmental,,,PDG000000004.1998,USDA-FSIS,2017,USDA-FSIS
,PDT000248537.1,feces,environmental,Bos taurus,,PDG000000004.1998,Michigan State University,1990,
,PDT000248541.1,feces,environmental,Bos taurus,,PDG000000004.1998,Michigan State University,1988,
,PDT000248597.1,feces,environmental,Bos taurus,,PDG000000004.1998,Michigan State University,1988,
,PDT000248745.1,feces,clinical,Homo sapiens,,PDG000000004.1998,Michigan State University,1982,
,PDT000249975.1,porcine Ileum,environmental,Sus scrofa scrofa,,PDG000000004.1998,Penn State E. coli Reference Center,30186,
,PDT000250016.1,ileum,clinical,Sus scrofa scrofa,,PDG000000004.1998,Penn State E. coli Reference Center,30186,
SRR6495743,PDT000281145.3,product-raw-intact-beef,environmental,,PDS000035204.63,PDG000000004.1998,USDA-FSIS,2018,USDA-FSIS
,PDT000729524.1,intestine,environmental,porcine,PDS000049015.2,PDG000000004.1998,,2017-07,
,PDT000729545.1,intestine,environmental,porcine,PDS000049015.2,PDG000000004.1998,,2017-08,
,PDT000729561.1,intestine,environmental,porcine,PDS000049015.2,PDG000000004.1998,,2017-07,
SRR11905079,PDT000755460.1,animal-swine-market swine,environmental,,,PDG000000004.1998,USDA-FSIS,2020,USDA-FSIS
SRR11919074,PDT000756566.1,Animal-Turkey-Young Turkey,environmental,,,PDG000000004.1998,USDA-FSIS,2020,USDA-FSIS
SRR11799688,PDT000736101.1,animal-cattle-beef cow,environmental,,,PDG000000004.1998,USDA-FSIS,2020,USDA-FSIS
SRR2815142,PDT000092281.3,product-raw-intact-beef,environmental,,,PDG000000004.1998,USDA-FSIS,2015,USDA-FSIS
SRR2920604,PDT000094753.3,product-raw-intact-beef,environmental,,,PDG000000004.1998,USDA-FSIS,2015,USDA-FSIS
SRR2970224,PDT000095763.2,Animal-Turkey-Young Turkey,environmental,,,PDG000000004.1998,FSIS,41786,FDA
SRR4294819,PDT000150240.2,"feces Dairy Cow,Bos taurus",environmental,,,PDG000000004.1998,USDA-FSIS,41884,CFSAN
SRR4294830,PDT000150251.2,"feces Young Turkey,Meleagris gallopavo",environmental,,,PDG000000004.1998,USDA-FSIS,41890,CFSAN
SRR4294981,PDT000150312.2,"feces Dairy Cow,Bos taurus",environmental,,,PDG000000004.1998,USDA-FSIS,41967,CFSAN
SRR5181594,PDT000178606.2,"feces Beef Cow,Bos taurus",environmental,,,PDG000000004.1998,USDA-FSIS,41890,CFSAN
,PDT000227989.1,Ileum,environmental,Sus scrofa scrofa,,PDG000000004.1998,Penn State E. coli Reference Center,30186,
,PDT000227990.1,Ileum,clinical,Sus scrofa scrofa,,PDG000000004.1998,Penn State E. coli Reference Center,30186,
,PDT000227991.1,Ileum,environmental,Sus scrofa scrofa,,PDG000000004.1998,Penn State E. coli Reference Center,30186,
,PDT000227995.1,Ileum,environmental,Sus scrofa scrofa,,PDG000000004.1998,Penn State E. coli Reference Center,30186,
,PDT000227997.1,Ileum,clinical,Sus scrofa scrofa,,PDG000000004.1998,Penn State E. coli Reference Center,30186,
,PDT000228313.1,Ileum,environmental,Sus scrofa scrofa,,PDG000000004.1998,Penn State E. coli Reference Center,30186,
SRR8095563,PDT000395079.1,ground turkey,environmental,,PDS000057724.1,PDG000000004.1998,FDA,2017,FDA-CVM
SRR10687955,PDT000645100.1,Ground Beef,environmental,,PDS000060342.1,PDG000000004.1998,FDA,2019,FDA-CVM
SRR10586166,PDT000640007.2,"Pig, (Porcine)",environmental,,PDS000058294.2,PDG000000004.1998,ECRC,2002,CFSAN
SRR11905093,PDT000755474.1,animal-swine-market swine,environmental,,PDS000063844.1,PDG000000004.1998,USDA-FSIS,2020,USDA-FSIS
SRR10687884,PDT000645029.1,ground turkey,environmental,,PDS000063855.1,PDG000000004.1998,FDA,2019,FDA-CVM
SRR8095663,PDT000395179.1,ground turkey,environmental,,PDS000037852.1,PDG000000004.1998,FDA,2017,FDA-CVM
SRR8095909,PDT000395425.1,Pork Chops bone-in,environmental,,PDS000037853.2,PDG000000004.1998,FDA,2017,FDA-CVM
SRR8095941,PDT000395457.1,Pork Chops bone-in,environmental,,PDS000037853.2,PDG000000004.1998,FDA,2017,FDA-CVM
SRR9984711,PDT000566008.1,Ground Beef,environmental,,PDS000048444.2,PDG000000004.1998,FDA,2018,FDA-CVM
SRR8590840,PDT000466985.1,"Pig, (Porcine)",environmental,,PDS000048968.1,PDG000000004.1998,ECRC,1982,CFSAN
SRR8095390,PDT000394906.1,Pork Chops,environmental,,PDS000049477.1,PDG000000004.1998,FDA,2017,FDA-CVM
SRR8095746,PDT000395262.1,Ground Beef,environmental,,PDS000049469.1,PDG000000004.1998,FDA,2017,FDA-CVM
SRR9984688,PDT000565985.1,Ground Beef,environmental,,PDS000049469.1,PDG000000004.1998,FDA,2018,FDA-CVM
SRR9852810,PDT000550369.1,Pork Chop,environmental,,PDS000051791.1,PDG000000004.1998,FDA,2018,FDA-CVM
SRR9984556,PDT000566690.1,ground turkey,environmental,,PDS000054136.1,PDG000000004.1998,FDA,2018,FDA-CVM
SRR10579916,PDT000639518.1,ground turkey,environmental,,PDS000054136.1,PDG000000004.1998,FDA,2019,FDA-CVM
SRR10579953,PDT000639553.1,Pork Chop,environmental,,PDS000054141.1,PDG000000004.1998,FDA,2019,FDA-CVM
SRR10579997,PDT000639596.1,ground turkey,environmental,,PDS000054138.1,PDG000000004.1998,FDA,2019,FDA-CVM
SRR5441615,PDT000201667.3,comminuted beef,environmental,,PDS000048290.3,PDG000000004.1998,USDA-FSIS,2017,USDA-FSIS
SRR10947540,PDT000668384.2,"Pig, (Porcine)",environmental,,PDS000055834.2,PDG000000004.1998,ECRC,2005,CFSAN
SRR8095660,PDT000395176.1,ground turkey,environmental,,PDS000037865.6,PDG000000004.1998,FDA,2017,FDA-CVM
SRR8095778,PDT000395294.1,ground turkey,environmental,,PDS000037865.6,PDG000000004.1998,FDA,2017,FDA-CVM
SRR10990268,PDT000672656.1,"Pig, (Porcine)",environmental,,PDS000062661.1,PDG000000004.1998,ECRC,2010,CFSAN
SRR10579975,PDT000639574.1,Ground Beef,environmental,,PDS000037861.4,PDG000000004.1998,FDA,2019,FDA-CVM
SRR7786690,PDT000372027.1,"Pig, (Porcine)",environmental,,PDS000040402.4,PDG000000004.1998,ECRC,2016,CFSAN
SRR8424025,PDT000432503.1,"Pig, (Porcine)",environmental,,PDS000040402.4,PDG000000004.1998,ECRC,2003,CFSAN
SRR8439782,PDT000439477.1,"Pig, (Porcine)",environmental,,PDS000040402.4,PDG000000004.1998,ECRC,2003,CFSAN
SRR8643731,PDT000469962.1,"Pig, (Porcine)",environmental,,PDS000040402.4,PDG000000004.1998,ECRC,2003,CFSAN
SRR8643752,PDT000469982.1,"Pig, (Porcine)",environmental,,PDS000040402.4,PDG000000004.1998,ECRC,2003,CFSAN
SRR8643843,PDT000469998.1,"Pig, (Porcine)",environmental,,PDS000040402.4,PDG000000004.1998,ECRC,2003,CFSAN
SRR8643847,PDT000470002.1,"Pig, (Porcine)",environmental,,PDS000040402.4,PDG000000004.1998,ECRC,2003,CFSAN
SRR8643854,PDT000470009.1,"Pig, (Porcine)",environmental,,PDS000040402.4,PDG000000004.1998,ECRC,2003,CFSAN
SRR10586164,PDT000640005.1,"Pig, (Porcine)",environmental,,PDS000040402.4,PDG000000004.1998,ECRC,2002,CFSAN
SRR9984639,PDT000565941.1,ground turkey,environmental,,PDS000037830.3,PDG000000004.1998,FDA,2018,FDA-CVM
SRR8157249,PDT000403076.1,Animal-Turkey-Young Turkey,environmental,,PDS000038393.2,PDG000000004.1998,USDA-FSIS,2018,USDA-FSIS
SRR10140403,PDT000588813.1,ground turkey,environmental,,PDS000053653.1,PDG000000004.1998,South Dakota ADRDL,2019-07,CFSAN
SRR10687929,PDT000645074.1,ground turkey,environmental,,PDS000054445.1,PDG000000004.1998,FDA,2019,FDA-CVM
SRR8095394,PDT000394910.1,Pork Chops bone-in,environmental,,PDS000048443.1,PDG000000004.1998,FDA,2017,FDA-CVM
SRR10810336,PDT000651981.1,ground turkey,environmental,,PDS000049485.6,PDG000000004.1998,South Dakota ADRDL,2019-10,CFSAN
SRR8095388,PDT000394904.1,Chicken Thighs,environmental,,PDS000037844.1,PDG000000004.1998,FDA,2017,FDA-CVM
SRR8095938,PDT000395454.1,ground turkey,environmental,,PDS000037847.1,PDG000000004.1998,FDA,2017,FDA-CVM
SRR8095561,PDT000395077.1,ground turkey,environmental,,PDS000037843.1,PDG000000004.1998,FDA,2017,FDA-CVM
SRR8095338,PDT000394854.1,ground turkey,environmental,,PDS000037838.1,PDG000000004.1998,FDA,2017,FDA-CVM
SRR8095661,PDT000395177.1,Chicken Thighs,environmental,,PDS000037841.1,PDG000000004.1998,FDA,2017,FDA-CVM
SRR8590654,PDT000466965.1,"Pig, (Porcine)",environmental,,PDS000046153.1,PDG000000004.1998,ECRC,1982,CFSAN
SRR9160160,PDT000510044.1,"Pig, (Porcine)",environmental,,PDS000046153.1,PDG000000004.1998,ECRC,1982,CFSAN
SRR8095747,PDT000395263.1,ground turkey,environmental,,PDS000049453.1,PDG000000004.1998,FDA,2017,FDA-CVM
SRR9984638,PDT000565940.1,ground turkey,environmental,,PDS000049453.1,PDG000000004.1998,FDA,2018,FDA-CVM
SRR9984835,PDT000566127.1,ground turkey,environmental,,PDS000020209.4,PDG000000004.1998,FDA,2018,FDA-CVM
SRR10687934,PDT000645079.1,Chicken Legs,environmental,,PDS000047892.3,PDG000000004.1998,FDA,2019,FDA-CVM
SRR10827533,PDT000654622.1,ground turkey,environmental,,PDS000054454.2,PDG000000004.1998,South Dakota ADRDL,2019-11,CFSAN
SRR7786680,PDT000372017.1,"Pig, (Porcine)",environmental,,PDS000038282.2,PDG000000004.1998,ECRC,2016,CFSAN
SRR10140394,PDT000588805.1,ground turkey,environmental,,PDS000049455.2,PDG000000004.1998,South Dakota ADRDL,2019-07,CFSAN
SRR9163540,PDT000510238.1,"Pig, (Porcine)",environmental,,PDS000058475.1,PDG000000004.1998,ECRC,1982,CFSAN
SRR10687792,PDT000644937.1,Pork Chop,environmental,,PDS000054443.1,PDG000000004.1998,FDA,2019,FDA-CVM
SRR9852783,PDT000550342.1,Chicken Thighs,environmental,,PDS000046637.3,PDG000000004.1998,FDA,2018,FDA-CVM
SRR10045215,PDT000576959.2,"Product-Raw-Ground, Comminuted or Otherwise Nonintact-Pork",environmental,,PDS000007370.12,PDG000000004.1998,USDA-FSIS,2019,USDA-FSIS
SRR8095936,PDT000395452.1,Ground Beef,environmental,,PDS000037829.1,PDG000000004.1998,FDA,2017,FDA-CVM
SRR9984801,PDT000566095.1,ground turkey,environmental,,PDS000043416.2,PDG000000004.1998,FDA,2018,FDA-CVM
SRR8095393,PDT000394909.1,Ground Beef,environmental,,PDS000037825.1,PDG000000004.1998,FDA,2017,FDA-CVM
SRR8095392,PDT000394908.1,ground turkey,environmental,,PDS000037824.1,PDG000000004.1998,FDA,2017,FDA-CVM
SRR8095335,PDT000394851.1,Chicken Breasts,environmental,,PDS000037826.1,PDG000000004.1998,FDA,2017,FDA-CVM
SRR8095904,PDT000395420.1,Pork Chops,environmental,,PDS000037859.3,PDG000000004.1998,FDA,2017,FDA-CVM
SRR8095380,PDT000394896.1,ground turkey,environmental,,PDS000037867.1,PDG000000004.1998,FDA,2017,FDA-CVM
SRR8095878,PDT000395394.1,Pork Chops,environmental,,PDS000037869.1,PDG000000004.1998,FDA,2017,FDA-CVM
SRR8095907,PDT000395423.1,ground turkey,environmental,,PDS000037862.1,PDG000000004.1998,FDA,2017,FDA-CVM
SRR8095910,PDT000395426.1,Pork Chops bone-in,environmental,,PDS000037864.1,PDG000000004.1998,FDA,2017,FDA-CVM
SRR8095942,PDT000395458.1,Pork Chops bone-in,environmental,,PDS000037864.1,PDG000000004.1998,FDA,2017,FDA-CVM
SRR8590846,PDT000466991.1,"Pig, (Porcine)",environmental,,PDS000046151.1,PDG000000004.1998,ECRC,1982,CFSAN
SRR9160195,PDT000510065.1,"Pig, (Porcine)",environmental,,PDS000046151.1,PDG000000004.1998,ECRC,1982,CFSAN
SRR9984869,PDT000566160.1,ground turkey,environmental,,PDS000049487.1,PDG000000004.1998,FDA,2018,FDA-CVM
SRR9984931,PDT000566219.1,ground turkey,environmental,,PDS000049489.1,PDG000000004.1998,FDA,2018,FDA-CVM
SRR10579914,PDT000639516.1,Ground Beef,environmental,,PDS000054144.1,PDG000000004.1998,FDA,2019,FDA-CVM
SRR10579961,PDT000639560.1,ground turkey,environmental,,PDS000054148.1,PDG000000004.1998,FDA,2019,FDA-CVM
SRR10579962,PDT000639561.1,ground turkey,environmental,,PDS000054148.1,PDG000000004.1998,FDA,2019,FDA-CVM
SRR10579998,PDT000639597.1,ground turkey,environmental,,PDS000049999.10,PDG000000004.1998,FDA,2019,FDA-CVM
SRR10687882,PDT000645027.1,ground turkey,environmental,,PDS000049999.10,PDG000000004.1998,FDA,2019,FDA-CVM
,PDT000227988.1,Ileum,environmental,Sus scrofa scrofa,PDS000046174.3,PDG000000004.1998,Penn State E. coli Reference Center,30186,
SRR10810138,PDT000651918.1,ground turkey,environmental,,PDS000034138.7,PDG000000004.1998,South Dakota ADRDL,2019-09,CFSAN
SRR8095387,PDT000394903.1,Chicken Breasts,environmental,,PDS000037871.1,PDG000000004.1998,FDA,2017,FDA-CVM
SRR8095402,PDT000394918.1,Ground Beef,environmental,,PDS000037872.1,PDG000000004.1998,FDA,2017,FDA-CVM
SRR8095403,PDT000394919.1,Pork Chops,environmental,,PDS000037876.1,PDG000000004.1998,FDA,2017,FDA-CVM
SRR8095903,PDT000395419.1,ground turkey,environmental,,PDS000037880.1,PDG000000004.1998,FDA,2017,FDA-CVM
SRR8095945,PDT000395461.1,ground turkey,environmental,,PDS000037880.1,PDG000000004.1998,FDA,2017,FDA-CVM
SRR8095902,PDT000395418.1,ground turkey,environmental,,PDS000037879.1,PDG000000004.1998,FDA,2017,FDA-CVM
SRR8095944,PDT000395460.1,ground turkey,environmental,,PDS000037879.1,PDG000000004.1998,FDA,2017,FDA-CVM
SRR8095901,PDT000395417.1,Ground Beef,environmental,,PDS000037875.1,PDG000000004.1998,FDA,2017,FDA-CVM
SRR8095943,PDT000395459.1,Ground Beef,environmental,,PDS000037875.1,PDG000000004.1998,FDA,2017,FDA-CVM
SRR10165180,PDT000591994.1,chicken breast,environmental,,PDS000050911.1,PDG000000004.1998,South Dakota ADRDL,2019-07,CFSAN
SRR10687959,PDT000645104.1,ground turkey,environmental,,PDS000054474.1,PDG000000004.1998,FDA,2019,FDA-CVM
SRR12026314,PDT000767448.1,animal-cattle-dairy cow,environmental,,PDS000023692.4,PDG000000004.1998,USDA-FSIS,2020,USDA-FSIS
,PDT000248650.1,feces,clinical,Homo sapiens,PDS000016345.1,PDG000000004.1998,Michigan State University,1982,
SRR8590741,PDT000466977.1,"Pig, (Porcine)",environmental,,PDS000043220.1,PDG000000004.1998,ECRC,1982,CFSAN
SRR8590850,PDT000466995.1,"Pig, (Porcine)",environmental,,PDS000043220.1,PDG000000004.1998,ECRC,1982,CFSAN
SRR8590849,PDT000466994.1,"Pig, (Porcine)",environmental,,PDS000043221.1,PDG000000004.1998,ECRC,1982,CFSAN
SRR8590885,PDT000467023.1,"Pig, (Porcine)",environmental,,PDS000043221.1,PDG000000004.1998,ECRC,1982,CFSAN
,PDT000252462.1,Meat Trim,environmental,Bos taurus,PDS000049018.2,PDG000000004.1998,Penn State E. coli Reference Center,41031,
SRR10579918,PDT000639520.1,ground turkey,environmental,,PDS000054465.1,PDG000000004.1998,FDA,2019,FDA-CVM
